{
  "loss": [
    53.21247863769531,
    4.04334831237793,
    3.3652069568634033,
    2.954684019088745,
    2.507662773132324,
    2.2349648475646973,
    1.968603253364563,
    1.7474632263183594,
    1.6402559280395508,
    1.513609528541565,
    1.4266750812530518,
    1.392102837562561,
    1.3223332166671753,
    1.30450439453125,
    1.271464467048645,
    1.250837802886963,
    1.2697718143463135,
    1.1946992874145508,
    1.2132694721221924,
    1.2012829780578613,
    1.1026623249053955,
    1.0865423679351807,
    1.1573039293289185,
    1.1303611993789673,
    1.0839345455169678,
    1.057499885559082,
    1.0609079599380493,
    1.0504484176635742,
    1.0393918752670288,
    1.022554636001587,
    1.0490628480911255,
    1.0101841688156128,
    0.9434100389480591,
    0.983791708946228,
    0.9543325304985046
  ],
  "mae": [
    6.409128189086914,
    1.6067663431167603,
    1.4633435010910034,
    1.369847059249878,
    1.260155439376831,
    1.1913164854049683,
    1.125375509262085,
    1.0519040822982788,
    1.018367052078247,
    0.9704198837280273,
    0.9415968060493469,
    0.9256118535995483,
    0.9006333351135254,
    0.896354079246521,
    0.8842382431030273,
    0.8789339065551758,
    0.8799231052398682,
    0.8558345437049866,
    0.860715925693512,
    0.8535833954811096,
    0.8216492533683777,
    0.8151420950889587,
    0.8422289490699768,
    0.8276809453964233,
    0.8109927177429199,
    0.8012116551399231,
    0.7994703650474548,
    0.7965186238288879,
    0.7902939915657043,
    0.7907057404518127,
    0.7972304224967957,
    0.783543050289154,
    0.7535813450813293,
    0.7706815600395203,
    0.7548420429229736
  ],
  "val_loss": [
    3.847153902053833,
    2.85604190826416,
    2.4273715019226074,
    2.048712730407715,
    1.7401421070098877,
    1.4873840808868408,
    1.3099745512008667,
    1.1699315309524536,
    1.0742356777191162,
    1.0058002471923828,
    0.9760600924491882,
    0.9231649041175842,
    0.9243651032447815,
    0.8835994005203247,
    0.8636463284492493,
    0.8585495948791504,
    0.8524918556213379,
    0.8512876629829407,
    0.843697726726532,
    0.8264714479446411,
    0.8299261331558228,
    0.8231568336486816,
    0.8328787088394165,
    0.8144142031669617,
    0.8128759860992432,
    0.8230658173561096,
    0.8197013139724731,
    0.8171812891960144,
    0.8199067115783691,
    0.8181774020195007,
    0.811103880405426,
    0.8035628199577332,
    0.8074476718902588,
    0.8036766648292542,
    0.8011450171470642
  ],
  "val_mae": [
    1.5589817762374878,
    1.3344368934631348,
    1.235442042350769,
    1.1320184469223022,
    1.0419238805770874,
    0.9588139653205872,
    0.8994229435920715,
    0.8415777683258057,
    0.8044224977493286,
    0.7690576314926147,
    0.767691433429718,
    0.7521893382072449,
    0.7254279255867004,
    0.7275167107582092,
    0.7266383767127991,
    0.710252046585083,
    0.7290608286857605,
    0.7170106172561646,
    0.7049236297607422,
    0.6895650625228882,
    0.7003985047340393,
    0.7069552540779114,
    0.7249385714530945,
    0.7091457843780518,
    0.6933296918869019,
    0.7067756652832031,
    0.7030175924301147,
    0.7013036012649536,
    0.7193988561630249,
    0.6917857527732849,
    0.7083178162574768,
    0.6918355822563171,
    0.6984452605247498,
    0.6979995965957642,
    0.6898040175437927
  ]
}