{
  "loss": [
    56.97615051269531,
    4.170313358306885,
    3.5230042934417725,
    2.927074432373047,
    2.537688970565796,
    2.324375867843628,
    2.0029091835021973,
    1.8447351455688477,
    1.6988378763198853,
    1.5920506715774536,
    1.4837549924850464,
    1.4287407398223877,
    1.372929334640503,
    1.3620086908340454,
    1.281413197517395,
    1.3112398386001587,
    1.272217869758606,
    1.1801512241363525,
    1.2399468421936035,
    1.189816951751709,
    1.1733695268630981,
    1.1336663961410522,
    1.132851004600525,
    1.1359561681747437,
    1.152002215385437,
    1.1067006587982178,
    1.1063640117645264,
    1.1324015855789185,
    1.0880285501480103,
    1.0864810943603516,
    1.1145479679107666,
    1.0660687685012817,
    1.054435133934021,
    1.0344493389129639,
    1.040924310684204,
    1.02577543258667,
    0.9947397708892822,
    0.9898497462272644,
    1.002734661102295,
    0.9779017567634583,
    0.9464191198348999,
    0.9503287076950073,
    0.9631854891777039,
    0.9581218361854553,
    0.9295248985290527,
    0.9604673981666565,
    0.9058740139007568
  ],
  "mae": [
    6.6656365394592285,
    1.6251838207244873,
    1.5036689043045044,
    1.3800065517425537,
    1.2703471183776855,
    1.2128562927246094,
    1.1222275495529175,
    1.084517478942871,
    1.0314884185791016,
    1.0030462741851807,
    0.9596194624900818,
    0.9422899484634399,
    0.9237234592437744,
    0.923514723777771,
    0.8852742910385132,
    0.8991896510124207,
    0.8882007598876953,
    0.8535922169685364,
    0.8698927760124207,
    0.8485623002052307,
    0.847832977771759,
    0.8282099962234497,
    0.8233858942985535,
    0.825498640537262,
    0.8354530334472656,
    0.8181791305541992,
    0.8191676735877991,
    0.8308467864990234,
    0.8175951242446899,
    0.8129375576972961,
    0.8211023211479187,
    0.8041464686393738,
    0.7960286736488342,
    0.7970812320709229,
    0.7963374853134155,
    0.7854824662208557,
    0.7754818797111511,
    0.7697575092315674,
    0.7783355712890625,
    0.7680212259292603,
    0.7547749280929565,
    0.7588366270065308,
    0.7601979970932007,
    0.7620229125022888,
    0.7444729804992676,
    0.76267409324646,
    0.7328495383262634
  ],
  "val_loss": [
    3.690688371658325,
    2.8248164653778076,
    2.4257867336273193,
    2.0393941402435303,
    1.740276575088501,
    1.4992578029632568,
    1.3206294775009155,
    1.1866121292114258,
    1.0754468441009521,
    1.0155621767044067,
    0.96061110496521,
    0.9215900301933289,
    0.9029412865638733,
    0.875022292137146,
    0.8757027983665466,
    0.848478376865387,
    0.8363072276115417,
    0.8294289708137512,
    0.818642795085907,
    0.8198568820953369,
    0.8158098459243774,
    0.7998522520065308,
    0.813830554485321,
    0.7937150001525879,
    0.8101109266281128,
    0.8095581531524658,
    0.8194774985313416,
    0.831771969795227,
    0.8084033727645874,
    0.8040415048599243,
    0.8019576668739319,
    0.8198873400688171,
    0.8028908371925354,
    0.7989924550056458,
    0.7946920990943909,
    0.8081775307655334,
    0.7989090085029602,
    0.8109283447265625,
    0.8059253692626953,
    0.8073131442070007,
    0.7985725998878479,
    0.7974268794059753,
    0.8002753853797913,
    0.7905941605567932,
    0.7987731099128723,
    0.8100619912147522,
    0.7949191331863403
  ],
  "val_mae": [
    1.510584831237793,
    1.3138720989227295,
    1.2214381694793701,
    1.11892831325531,
    1.0356842279434204,
    0.9569357633590698,
    0.8954181671142578,
    0.846619725227356,
    0.8028914332389832,
    0.7728911638259888,
    0.7574520111083984,
    0.7376275062561035,
    0.7188648581504822,
    0.7129319310188293,
    0.7289336323738098,
    0.6998984813690186,
    0.6912136077880859,
    0.7000876069068909,
    0.6822395920753479,
    0.6932549476623535,
    0.6940370202064514,
    0.6903218626976013,
    0.7043195962905884,
    0.6868011355400085,
    0.6743403673171997,
    0.7025747895240784,
    0.7022021412849426,
    0.6702135801315308,
    0.7045337557792664,
    0.6775953769683838,
    0.7078660726547241,
    0.6700263023376465,
    0.6919488310813904,
    0.6815928220748901,
    0.6879922747612,
    0.6750457882881165,
    0.7077429890632629,
    0.6921913623809814,
    0.7148573398590088,
    0.6804827451705933,
    0.6850074529647827,
    0.6776727437973022,
    0.6734436750411987,
    0.6816616058349609,
    0.6781507134437561,
    0.7265670895576477,
    0.6955671906471252
  ]
}