{
  "log_area": {
    "mean": 9.099948175754484,
    "scale": 0.8227105150217943
  },
  "age": {
    "mean": 38.71524064171123,
    "scale": 21.160083317690653
  },
  "signed_flag": {
    "mean": 0.48495989304812837,
    "scale": 0.4997737439910947
  },
  "reserve_gt0": {
    "mean": 0.9094251336898396,
    "scale": 0.28700358865884756
  },
  "artist_rep_score": {
    "mean": 23.3402172459893,
    "scale": 12.398539271049044
  },
  "artist_volatility": {
    "mean": 32.58079211229946,
    "scale": 35.33076507383858
  },
  "prov_score": {
    "mean": 35.961898395721924,
    "scale": 15.455640216796809
  },
  "prov_volatility": {
    "mean": 67.99783088235294,
    "scale": 45.78397456110351
  },
  "auction_house_score": {
    "mean": 53.33490307486631,
    "scale": 16.669525063205956
  },
  "house_volatility": {
    "mean": 54.979134358288775,
    "scale": 24.023302174047267
  }
}