{
  "best_params": {
    "alpha": 0.001,
    "l1_ratio": 0.05
  },
  "cv_best_mae_log": 0.6606780270394712,
  "test_mae_log": 0.6891283619439161,
  "test_r2_log": 0.010773658406858622,
  "pct_within_20pct_price": 0.18877551020408162,
  "r2_shuffle_guard": -0.0001430655345782128,
  "n_splits": 5,
  "interval_alpha": 0.2,
  "q_hat_log": 0.945651935156199,
  "abs_resid_log_p80": 0.945651935156199,
  "abs_resid_log_mean": 0.6891283619439161
}