{
  "best_params": {
    "model__max_depth": 5
  },
  "test_mae_log": 0.6687484262123143,
  "test_r2_log": -0.0720711480501659,
  "pct_within_20pct_price": 0.1893278604412519
}