{
  "best_params": {
    "model__max_depth": 10,
    "model__n_estimators": 200
  },
  "test_mae_log": 0.6557958836390685,
  "test_r2_log": -0.01655928325275191,
  "pct_within_20pct_price": 0.19291944586967677
}